avg_degree,avg_betweenness_centrality,diameter,girth,num_nodes,num_edges,k0_nullity,k0_low_lying_density,k0_trace,k0_spectral_moment_2,k0_quasi_wiener_index,k0_spanning_tree_number,k1_nullity,k1_low_lying_density,k1_trace,k1_spectral_moment_2,k1_quasi_wiener_index,k1_spanning_tree_number,k2_nullity,k2_low_lying_density,k2_trace,k2_spectral_moment_2,k2_quasi_wiener_index,k2_spanning_tree_number,graph_type,p,instance,epsilon
3.52,0.04241496598639456,6.0,3.0,50,88,2,9,175.99999999999997,931.9999999999998,1183.0920060645979,45.39011292646344,31,39,203.0,1057.0000000000007,1789.4431022775254,52.22886299866411,0,0,27.0,93.00000000000001,35.19607843137254,6.8867359117580635,erdos_renyi,0.05,0.0,
2.68,0.05454081632653061,11.0,3.0,50,67,4,15,134.00000000000003,628.0000000000005,2250.012756797161,26.388966030859056,18,29,143.0,671.0,2663.726685622007,27.87306180966481,0,0,9.0,27.0,4.0,1.9095425048844386,erdos_renyi,0.05,1.0,
2.48,0.03806122448979592,8.0,3.0,50,62,8,19,123.99999999999999,579.9999999999998,1545.655792582638,25.473057181552516,14,25,142.00000000000003,656.0000000000001,1996.8333752408153,30.400808770488542,0,0,18.0,60.0,15.916666666666668,4.276666119016055,erdos_renyi,0.05,2.0,
2.28,0.05455782312925171,10.0,4.0,50,57,5,18,113.99999999999999,454.0,2518.304319472573,18.711900797102025,12,24,114.00000000000003,454.00000000000017,2518.3043194725747,18.711900797102025,0,0,0.0,0.0,0.0,-inf,erdos_renyi,0.05,3.0,
2.56,0.05357142857142857,8.0,3.0,50,64,4,17,128.0,564.0,1948.6533092881418,25.473494795157443,15,29,137.0,591.0,2123.035435412915,28.70745625744368,0,0,9.0,27.0,4.0,1.9095425048844386,erdos_renyi,0.05,4.0,
2.48,0.05838435374149659,9.0,3.0,50,62,4,16,124.00000000000001,522.0,2397.0989818553394,22.49017254696132,13,26,133.0,549.0000000000001,2600.10529984611,25.72413400924754,0,0,9.0,27.0,4.0,1.9095425048844386,erdos_renyi,0.05,5.0,
2.96,0.05935374149659864,10.0,3.0,50,74,1,14,148.0,686.0000000000002,2028.1414466777085,31.74944616170373,19,32,166.0,741.9999999999999,2388.1850869457044,38.110008172748984,0,0,18.0,56.0,14.583333333333336,4.527980547296962,erdos_renyi,0.05,6.0,
3.04,0.047108843537414964,7.0,3.0,50,76,2,12,152.00000000000003,754.0000000000001,1642.456156306705,34.67330429358086,24,34,164.0,789.9999999999999,1847.2008765494293,38.98928183281178,0,0,12.0,36.0,6.666666666666667,2.7850112422383386,erdos_renyi,0.05,7.0,
2.0,0.03260204081632653,8.0,3.0,50,50,13,23,100.0,434.0000000000001,1488.1553782916626,17.37916729234954,12,22,103.0,443.0,1540.3173619309161,18.451804094614392,0,0,3.0,9.0,0.6666666666666666,0.4054651081081645,erdos_renyi,0.05,8.0,
2.92,0.044846938775510194,7.0,3.0,50,73,3,13,146.0,714.0,1750.534090193365,32.121947162031525,24,34,152.00000000000003,748.0,1928.8700727454802,33.40327972790869,0,0,6.0,18.0,2.0,1.0986122886681098,erdos_renyi,0.05,9.0,
2.56,0.04193877551020408,10.0,3.0,50,64,6,17,128.0,590.0000000000001,1722.7626630845814,26.74620086368118,18,29,134.00000000000003,624.0000000000002,1910.7734999340273,28.006573321685444,0,0,6.0,18.0,2.0,1.0986122886681098,erdos_renyi,0.05,10.0,
2.12,0.04845238095238095,9.0,5.0,50,53,5,21,105.99999999999997,423.99999999999983,2628.434065830747,14.537084663625643,8,23,106.0,424.00000000000006,2628.434065830744,14.537084663625654,0,0,0.0,0.0,0.0,-inf,erdos_renyi,0.05,11.0,
1.92,0.020323129251700676,9.0,3.0,50,48,10,18,96.00000000000003,346.0,1555.5734375888828,18.28207797143139,6,16,102.0,380.00000000000006,1863.838485870492,18.582081252902135,0,0,6.0,18.0,2.0,1.0986122886681098,erdos_renyi,0.05,12.0,
2.36,0.05035714285714286,8.0,3.0,50,59,6,18,118.0,498.00000000000006,1898.9000164432393,22.429419371996325,13,26,124.00000000000003,532.0000000000002,2191.579618454344,22.872660886352293,0,0,6.0,18.0,2.0,1.0986122886681098,erdos_renyi,0.05,13.0,
2.6,0.034421768707482994,7.0,3.0,50,65,9,18,130.0,638.0000000000003,1233.1730971261973,29.55045340952988,19,30,145.0,730.9999999999997,1749.1975713625873,31.34895102958964,0,0,15.0,45.0,10.0,3.701301974112494,erdos_renyi,0.05,14.0,
2.12,0.059761904761904766,9.0,3.0,50,53,6,18,106.00000000000001,420.0,2695.549392768637,14.770514181764648,8,21,109.0,429.0,2770.783823719047,15.847147563713987,0,0,3.0,9.0,0.6666666666666666,0.4054651081081645,erdos_renyi,0.05,15.0,
2.76,0.04241496598639456,7.0,3.0,50,69,5,16,138.0,684.0000000000001,1630.7591239701082,28.830528214336574,21,32,147.0,727.0000000000001,1849.3064498094795,31.02750420443503,0,0,9.0,27.0,4.0,1.9095425048844386,erdos_renyi,0.05,16.0,
2.4,0.045034013605442166,8.0,3.0,50,60,6,20,120.00000000000001,547.9999999999999,2029.6374193482172,20.88962119858514,11,25,135.00000000000003,597.0000000000001,2348.009831021828,26.02600769798695,0,0,15.0,49.0,11.142857142857144,3.4499875458315876,erdos_renyi,0.05,17.0,
2.04,0.08079931972789116,11.0,3.0,50,51,4,20,101.99999999999999,377.99999999999983,4929.199792960667,7.566311014772443,3,20,107.99999999999997,396.0,5171.619642306536,9.721862895708087,0,0,6.0,18.0,2.0,1.0986122886681098,erdos_renyi,0.05,18.0,
1.96,0.036326530612244896,8.0,4.0,50,49,8,24,98.0,388.0,2157.5340615911205,13.214644195309127,7,22,98.0,387.99999999999994,2157.5340615911205,13.214644195309123,0,0,0.0,0.0,0.0,-inf,erdos_renyi,0.05,19.0,
5.8,0.02879251700680272,5.0,3.0,50,145,1,1,290.00000000000006,2182.0,591.2274662279902,75.3598377990328,67,69,377.00000000000006,2539.0000000000005,1961.411266794572,102.7012051185401,0,0,87.0,293.0,332.70361990950227,26.558349745283827,erdos_renyi,0.1,0.0,
4.72,0.03363945578231292,5.0,3.0,50,118,1,4,236.0,1566.0,876.0047412505805,61.47833544534604,52,57,287.0,1826.9999999999995,1842.7904487843412,75.38911364160967,0,1,50.99999999999999,164.99999999999997,114.40909090909092,14.970983216061505,erdos_renyi,0.1,1.0,
4.52,0.03772108843537415,6.0,3.0,50,113,1,5,226.0,1493.9999999999998,1101.0205057067212,57.10576612143626,44,53,285.99999999999994,1789.9999999999995,2564.0983549055154,72.24460429294075,0,2,60.000000000000014,216.0,200.99999999999983,16.11964325280458,erdos_renyi,0.1,2.0,
4.96,0.034336734693877546,6.0,3.0,50,124,1,5,247.99999999999991,1769.9999999999993,909.9353588630008,62.762566344472695,54,59,311.0,2027.0000000000005,1946.6218675591062,82.62547610205155,0,0,63.0,208.99999999999994,170.65714285714287,18.892725924177636,erdos_renyi,0.1,3.0,
5.0,0.02886054421768707,5.0,3.0,50,125,3,4,249.99999999999994,1791.9999999999993,695.7983785080372,64.42579068232924,47,51,345.99999999999994,2191.9999999999995,2305.053897002304,93.73732296043526,1,2,96.0,352.0,399.2066143449322,28.39418797722795,erdos_renyi,0.1,4.0,
5.44,0.031598639455782306,5.0,3.0,50,136,1,3,271.99999999999994,1981.9999999999995,717.3170050292628,70.16522026719598,51,56,379.99999999999994,2447.999999999999,2720.692023353215,103.12180272748064,0,0,108.0,370.0,519.6288866717256,33.20937052851572,erdos_renyi,0.1,5.0,
5.36,0.030306122448979587,5.0,3.0,50,134,1,3,268.0,1910.0000000000002,706.4949623640748,69.92909068156165,60,64,343.00000000000006,2221.0000000000005,1947.5908853274207,92.82026622908778,0,1,75.00000000000001,263.00000000000006,273.1551570279255,21.680344408419092,erdos_renyi,0.1,6.0,
5.36,0.03037414965986394,4.0,3.0,50,134,1,1,268.0,1934.0000000000007,656.5897807338926,70.54184456099073,57,62,352.0000000000001,2296.0000000000005,2191.765351262753,94.90453062878537,0,2,84.0,313.9999999999999,371.21955596488124,23.37192957976367,erdos_renyi,0.1,7.0,
4.2,0.039370748299319726,7.0,3.0,50,105,2,6,209.99999999999997,1266.0,1068.4397332757048,54.29931070011784,47,52,240.00000000000003,1394.0000000000002,1539.2419456097516,63.80496656991236,0,0,30.0,96.0,39.416666666666664,8.234878506913576,erdos_renyi,0.1,8.0,
6.04,0.02850340136054422,5.0,3.0,50,151,1,3,301.99999999999994,2432.0,663.8730942367125,75.38926463256166,62,70,431.0000000000001,3037.0000000000005,3140.4020416774392,112.3996727167109,3,6,129.0,509.0,728.851113205493,37.226448676725674,erdos_renyi,0.1,9.0,
5.12,0.03158163265306122,5.0,3.0,50,128,1,2,255.99999999999997,1776.0000000000002,731.0406935692132,67.60812674585246,60,62,313.0,1999.0000000000002,1582.971433442468,85.65982952536334,0,0,56.99999999999999,191.0,147.47412008281574,16.57389852508217,erdos_renyi,0.1,10.0,
4.96,0.031802721088435376,4.0,3.0,50,124,1,3,248.0,1659.9999999999998,766.5315361801869,65.65025357866502,58,62,302.0,1908.0000000000005,1641.0054445724325,81.39085329337838,1,1,54.0,184.0,104.1,16.113412703053935,erdos_renyi,0.1,11.0,
4.32,0.038299319727891155,7.0,3.0,50,108,1,6,216.00000000000003,1334.0000000000002,1019.1533020476546,56.32395297699089,48,54,249.00000000000003,1487.0000000000005,1723.9309087509598,64.99986367942346,0,0,33.0,105.0,48.0,9.194363417453042,erdos_renyi,0.1,12.0,
4.68,0.03498299319727891,6.0,3.0,50,117,1,5,234.00000000000003,1526.0000000000005,923.5724087771171,60.97762608536973,54,60,276.0,1706.0000000000002,1634.9780313843637,73.39131868177013,0,0,42.0,132.0,73.75,12.319172733282175,erdos_renyi,0.1,13.0,
4.92,0.032023809523809524,5.0,3.0,50,123,1,4,246.0,1716.0,824.310237821026,63.848915605407264,54,58,306.0,1983.9999999999998,3274.391990326463,79.4403437473426,0,1,60.0,204.0,171.07894736842107,17.278514732990878,erdos_renyi,0.1,14.0,
4.48,0.036615646258503394,6.0,3.0,50,112,1,4,224.00000000000006,1360.0000000000005,880.5941799312944,60.098326193253634,45,49,278.0,1554.0,1726.454625956699,77.5858284142145,0,0,53.99999999999999,177.99999999999997,129.4098277608916,15.79940016430348,erdos_renyi,0.1,15.0,
5.32,0.031241496598639455,5.0,3.0,50,133,1,2,266.0,1945.9999999999995,731.2996837414688,68.45495264009256,61,65,334.99999999999994,2278.9999999999995,2025.6833542332593,87.6304378414356,0,1,68.99999999999999,237.0,228.48017381857687,20.008264464690455,erdos_renyi,0.1,16.0,
4.52,0.03394557823129251,6.0,3.0,50,113,2,5,226.00000000000006,1482.0000000000005,938.0509788487825,58.509969931145484,48,53,276.9999999999999,1692.999999999999,1925.509087911194,73.17007361539135,0,1,51.00000000000001,179.00000000000003,127.5230769230769,14.114013869047639,erdos_renyi,0.1,17.0,
4.52,0.03574829931972789,6.0,3.0,50,113,1,4,225.99999999999994,1421.9999999999995,925.0448489272814,59.395151283909875,46,52,280.0,1652.0000000000002,1908.86084835775,75.17992489740276,0,0,53.99999999999999,181.99999999999997,135.09329004329004,15.486582118580158,erdos_renyi,0.1,18.0,
4.32,0.03345238095238095,5.0,3.0,50,108,2,6,216.00000000000003,1404.0000000000005,921.1125259118995,55.99487789484809,49,56,249.00000000000003,1559.0000000000002,1607.9665045595923,64.65420248965647,0,0,32.99999999999999,106.99999999999999,47.846153846153854,9.156623089470193,erdos_renyi,0.1,19.0,
7.92,0.02248299319727891,4.0,3.0,50,198,1,1,395.99999999999994,3830.000000000001,382.01170098067354,93.18257904173338,75,85,630.0000000000001,4934.000000000002,7022.788813286999,157.44607271925315,4,13,234.00000000000003,976.0,2975.2782168200265,65.34624427646081,erdos_renyi,0.15000000000000002,0.0,
7.08,0.024438775510204076,4.0,3.0,50,177,1,2,354.00000000000006,3204.000000000001,485.1144997676223,85.55508529071737,66,77,549.0,4141.000000000001,5681.3635977253525,137.6560625547329,3,10,195.0,793.0000000000001,2057.198652637006,54.825974767841835,erdos_renyi,0.15000000000000002,1.0,
7.04,0.024744897959183675,4.0,3.0,50,176,1,1,352.0,3166.0,477.84138099600654,85.33746213736147,65,72,547.0,4066.9999999999986,5439.485146737657,140.0130488012781,3,10,194.99999999999997,788.9999999999995,1937.6451568475475,55.47106739097429,erdos_renyi,0.15000000000000002,2.0,
7.12,0.024659863945578227,4.0,3.0,50,178,1,1,356.0,3271.9999999999995,464.77971935105194,86.01946004139407,67,76,553.9999999999999,4269.999999999999,5088.035755759798,140.41958801594416,4,8,198.00000000000003,806.0,1753.0762722109432,57.784819784002785,erdos_renyi,0.15000000000000002,3.0,
7.36,0.02251700680272109,4.0,3.0,50,184,2,2,367.99999999999994,3475.9999999999995,419.48023259514326,87.166824910014,64,75,605.0,4631.0,6739.283096750866,151.45457542073456,7,16,236.99999999999994,1027.0,2889.8167282271056,65.74129398418309,erdos_renyi,0.15000000000000002,4.0,
8.36,0.021989795918367343,4.0,3.0,50,209,1,2,418.00000000000006,4216.000000000001,396.1353327270918,95.21818403272337,57,78,742.0,6046.0,20500.539508123766,166.59538110296356,5,21,323.99999999999994,1429.9999999999998,7739.318179753733,83.13303765290394,erdos_renyi,0.15000000000000002,5.0,
8.28,0.02198979591836735,4.0,3.0,50,207,1,1,414.00000000000006,4160.000000000002,371.73333675325756,95.26656628849886,74,88,675.0,5384.999999999999,7973.995034891665,166.45035764130373,3,15,261.0,1097.0000000000002,3924.9247376387652,72.00373554488132,erdos_renyi,0.15000000000000002,6.0,
8.4,0.021547619047619048,3.0,3.0,50,210,1,1,420.0,4338.0,362.07018136610634,95.88985269072779,71,88,699.0,5739.000000000001,14051.590093628125,162.9708445257519,3,17,279.0,1225.0,6363.527534070049,70.21326935749218,erdos_renyi,0.15000000000000002,7.0,
7.12,0.02431972789115646,4.0,3.0,50,178,1,1,356.00000000000006,3164.0000000000014,457.45419273028006,86.63144743996517,82,89,505.99999999999994,3929.9999999999986,4325.057825289179,125.84153868270133,3,7,149.99999999999997,605.9999999999999,1155.0875923327665,42.18091674793923,erdos_renyi,0.15000000000000002,8.0,
8.16,0.02238095238095238,4.0,3.0,50,204,1,1,408.00000000000006,4064.0000000000023,395.72418129211434,93.94314594628942,70,87,678.0,5575.999999999999,9345.919296365668,160.81743841251583,5,16,269.99999999999994,1192.0,4251.358385516789,72.53878792518475,erdos_renyi,0.15000000000000002,9.0,
6.84,0.024761904761904763,4.0,3.0,50,171,1,1,342.00000000000006,2986.000000000001,473.66515458382537,84.48835878977118,73,78,498.0,3681.9999999999986,3368.063676535793,130.60415640359267,3,6,156.0,616.0,1090.9493999765052,45.625816920232445,erdos_renyi,0.15000000000000002,10.0,
7.0,0.02425170068027211,4.0,3.0,50,175,1,1,349.99999999999994,3052.0,451.2800210774106,86.2106664246738,73,78,511.99999999999994,3796.0000000000005,4260.005016696594,131.629379133641,1,5,162.0,632.0,1416.97163171397,46.17121060965346,erdos_renyi,0.15000000000000002,11.0,
7.08,0.02433673469387755,4.0,3.0,50,177,1,1,353.99999999999994,3159.9999999999995,456.9182935022753,86.34401739102282,72,81,530.9999999999999,4086.9999999999986,4704.082156588619,133.64086115782214,3,9,177.0,718.9999999999999,1496.1929274376394,50.753558028396405,erdos_renyi,0.15000000000000002,12.0,
7.84,0.022653061224489793,4.0,3.0,50,196,1,1,392.0000000000001,3730.000000000003,386.4070396238595,92.69998843032742,61,74,656.0000000000001,5044.000000000004,8855.18745912367,161.73606217618573,2,13,264.0,1074.0,3945.785155709563,74.18285542846797,erdos_renyi,0.15000000000000002,13.0,
7.84,0.022636054421768706,4.0,3.0,50,196,1,1,392.00000000000006,3858.0000000000005,404.75986061036724,91.62329265691295,67,82,634.9999999999999,5048.999999999997,8534.267307485541,154.93227818754033,1,11,243.0,983.0,3496.646004800984,67.63857505711988,erdos_renyi,0.15000000000000002,14.0,
7.04,0.024948979591836732,4.0,3.0,50,176,1,1,352.0,3050.0,458.82580923466617,86.49638468983157,69,76,529.0,3864.9999999999995,4675.751685118423,136.42819478251633,1,5,177.0,670.9999999999998,1542.3160005958725,52.318103053785556,erdos_renyi,0.15000000000000002,15.0,
7.76,0.022738095238095238,4.0,3.0,50,194,1,1,388.0,3672.0,390.3742071709574,92.11164376815732,69,79,616.0,4668.0,6629.242053534567,156.29019071996643,0,8,227.99999999999997,899.9999999999998,3076.100169177599,64.41298106826763,erdos_renyi,0.15000000000000002,16.0,
6.76,0.025646258503401357,4.0,3.0,50,169,1,1,338.00000000000006,2960.0,508.85718196327247,83.01894232349473,76,79,473.0000000000001,3563.0000000000014,2999.1570218072648,123.17377959347141,1,4,135.0,523.0,924.0546088296319,38.662020409074344,erdos_renyi,0.15000000000000002,17.0,
6.64,0.025952380952380952,4.0,3.0,50,166,1,1,332.00000000000006,2820.0000000000005,502.2761426546891,82.53973217054688,59,68,509.0000000000001,3686.9999999999995,6358.707957526992,127.6479760893346,1,6,177.00000000000003,691.0000000000002,1627.033144066743,51.01712785906251,erdos_renyi,0.15000000000000002,18.0,
7.12,0.02448979591836734,4.0,3.0,50,178,1,2,356.0,3183.999999999999,478.0584235354352,86.25449511717727,72,83,527.0,4059.0,7550.371819090674,126.88925633307545,0,6,171.00000000000003,683.0000000000001,1889.4358756909448,46.73840997957494,erdos_renyi,0.15000000000000002,19.0,
10.08,0.018911564625850343,3.0,3.0,50,252,1,1,504.0000000000001,5976.000000000003,284.428125936964,106.18411759883243,49,86,990.0000000000001,8633.999999999998,88704.45695574713,199.791759452263,8,43,485.99999999999994,2401.9999999999995,28491.104457354035,104.51953949861665,erdos_renyi,0.2,0.0,
9.08,0.02010204081632653,3.0,3.0,50,227,1,1,454.00000000000006,5040.000000000001,332.7438862757687,99.87022946414926,56,82,850.0,7336.000000000001,22762.880144246803,189.88284296956826,10,31,396.0000000000001,1848.0,10005.955657694507,102.1932356270417,erdos_renyi,0.2,1.0,
9.64,0.01914965986394558,3.0,3.0,50,241,1,1,482.0,5480.000000000002,298.7614628887281,103.89963121098036,49,79,953.0000000000001,8113.000000000001,27139.78192322561,213.59378331908837,14,41,471.0000000000001,2281.0,14159.286243528184,119.45669776176888,erdos_renyi,0.2,2.0,
9.96,0.01865646258503401,3.0,3.0,50,249,1,1,498.0,5936.000000000001,287.4070599111846,105.45568942075114,42,79,1029.0,9327.000000000002,121205.76682133826,203.69670080326904,19,52,530.9999999999999,2782.9999999999986,23057.951501806936,122.67443796013336,erdos_renyi,0.2,3.0,
10.24,0.018520408163265306,3.0,3.0,50,256,1,1,511.99999999999994,6243.999999999999,299.3629038078429,106.02242404550195,50,87,1037.0,9338.999999999998,80971.06351635109,210.13179334036707,18,52,525.0000000000001,2678.999999999999,26519.108415291194,119.25507733812624,erdos_renyi,0.2,4.0,
10.4,0.01826530612244898,3.0,3.0,50,260,1,1,520.0,6276.000000000001,276.78459570222867,107.86927810747495,40,78,1078.0,9393.999999999998,90242.20393264585,219.42051227794497,15,51,558.0000000000001,2782.0,35868.30352697619,124.6828392939438,erdos_renyi,0.2,5.0,
10.52,0.018163265306122448,3.0,3.0,50,263,1,1,526.0,6464.000000000002,270.22248488835817,108.48476429026904,44,85,1069.0,9465.000000000004,81482.70617280372,218.51105675550872,11,48,542.9999999999999,2633.0,30580.14922094489,123.45424215246535,erdos_renyi,0.2,6.0,
10.68,0.01768707482993197,3.0,3.0,50,267,1,1,533.9999999999999,6625.999999999998,261.69537002992206,109.52933515557656,49,91,1080.0,9802.0,99147.77001595794,213.67363344650397,13,50,546.0000000000001,2760.0000000000005,35028.62817593581,120.01699412237414,erdos_renyi,0.2,7.0,
9.48,0.019523809523809523,3.0,3.0,50,237,1,1,473.99999999999994,5350.0,311.536397103063,102.60809055933119,70,96,852.0000000000001,7500.0,24493.882684469143,186.79330478548155,8,29,378.00000000000006,1766.0000000000002,10392.036803807145,94.85212258054764,erdos_renyi,0.2,8.0,
10.88,0.017670068027210883,3.0,3.0,50,272,1,1,543.9999999999999,6841.999999999998,259.4177035285026,110.37554689629307,32,81,1179.9999999999998,10941.999999999996,346327.86033536145,208.93213030413713,21,65,636.0,3347.9999999999995,55994.877938906044,132.18461558703055,erdos_renyi,0.2,9.0,
9.76,0.01914965986394558,4.0,3.0,50,244,1,1,487.99999999999994,5639.999999999998,302.5023568874503,104.14810165364821,51,86,947.0,8361.0,31782.402791468652,203.8147356514964,9,37,459.0,2161.0,16981.207691799398,112.30111353368927,erdos_renyi,0.2,10.0,
9.64,0.01913265306122449,3.0,3.0,50,241,1,1,482.00000000000017,5460.000000000003,299.7784774166878,103.9254658760662,62,92,890.0000000000001,7702.000000000001,26121.230023454613,193.91818862414314,6,32,408.0,1889.9999999999998,12774.375825837207,100.56458527089221,erdos_renyi,0.2,11.0,
9.52,0.019183673469387753,4.0,3.0,50,238,1,1,476.0,5290.0,301.7237428073742,103.48013514930612,57,90,890.0,7709.999999999999,39135.392559389686,187.1469067847859,6,32,413.99999999999994,1940.0,14056.071110716422,100.00526466384298,erdos_renyi,0.2,12.0,
9.88,0.018928571428571427,3.0,3.0,50,247,1,1,493.99999999999994,5677.999999999999,284.8606047692656,105.59964038125838,46,79,967.9999999999997,8287.999999999998,40270.31380481353,209.22149473780212,6,33,474.0,2146.0,18582.579409828086,117.5575939128464,erdos_renyi,0.2,13.0,
9.8,0.01925170068027211,3.0,3.0,50,245,1,1,490.00000000000006,5730.000000000001,302.9645727838475,104.16310578065858,42,83,972.9999999999998,8576.999999999996,67200.24412518517,192.54031276409788,7,41,483.00000000000006,2335.0,22411.12484869398,109.64254070949018,erdos_renyi,0.2,14.0,
9.36,0.019778911564625853,4.0,3.0,50,234,1,1,467.9999999999999,5079.999999999999,302.9790484599982,102.88570509432566,56,84,864.0,7202.000000000001,28151.264316328252,190.56278762350775,3,27,396.0000000000001,1770.0000000000005,12938.13762113283,98.31658451379637,erdos_renyi,0.2,15.0,
10.0,0.0186734693877551,3.0,3.0,50,250,1,1,500.00000000000006,5954.000000000002,292.26803413288417,105.35200750087249,44,80,1016.0,8891.999999999998,55460.128940414026,212.5156799134208,15,48,515.9999999999999,2601.999999999999,21846.15676264671,120.41563703887296,erdos_renyi,0.2,16.0,
8.92,0.020272108843537414,3.0,3.0,50,223,1,1,446.0000000000001,4826.000000000002,333.95966844960986,99.30497394862682,68,88,778.9999999999998,6605.000000000001,24289.749166830756,175.29581408743059,5,24,332.99999999999994,1539.0000000000005,10540.273226929807,80.42455884379021,erdos_renyi,0.2,17.0,
8.84,0.020561224489795915,4.0,3.0,50,221,1,1,441.9999999999999,4685.999999999998,339.05427665475884,98.89829255438389,51,80,813.9999999999999,6767.999999999998,26342.811550266506,176.40665979765015,3,26,372.0,1682.0,11078.861281459971,92.41322592789847,erdos_renyi,0.2,18.0,
9.4,0.019642857142857142,3.0,3.0,50,235,1,1,470.0,5234.000000000001,311.01325879560744,102.42594799008488,49,85,893.0,7826.999999999999,82082.45904278744,170.815169874447,4,34,423.0,2017.0,20466.524129963746,93.48099789525013,erdos_renyi,0.2,19.0,
12.08,0.016547619047619047,3.0,3.0,50,302,1,1,604.0,8360.0,229.83435786020732,115.8276336474212,1,67,1500.9999999999998,14387.000000000002,162706684.14878294,170.1744822805787,46,108,897.0,5322.999999999999,166560.35237847987,163.6419952301026,erdos_renyi,0.25,0.0,
11.28,0.01722789115646258,3.0,3.0,50,282,1,1,564.0,7510.0,254.8270801685227,111.64868741470754,15,72,1335.0,12637.000000000002,435876.4410404965,233.39301187967894,39,90,771.0,4407.0,67678.29082355171,159.56393230161538,erdos_renyi,0.25,1.0,
12.2,0.016156462585034014,3.0,3.0,50,305,1,1,610.0,8444.0,222.77014717685984,116.72274006510614,0,64,1552.0000000000002,14876.000000000002,54360067.086757936,229.69367177822414,56,117,942.0,5648.0,164585.37705443543,179.9399052608274,erdos_renyi,0.25,2.0,
12.32,0.016054421768707482,3.0,3.0,50,308,1,1,616.0000000000002,8836.000000000005,224.37410426708794,116.69495628432337,0,64,1600.0,15974.0,6564913.683608924,256.64883250361737,61,128,983.9999999999999,6129.999999999999,167703.34179827516,179.33998733529054,erdos_renyi,0.25,3.0,
12.28,0.01619047619047619,3.0,3.0,50,307,1,1,614.0,8657.999999999998,225.74712603259346,116.62791715526006,8,76,1511.0,14924.999999999995,33821835.270771235,199.19500718120287,49,112,897.0,5339.000000000001,200974.76657539062,164.16530695497008,erdos_renyi,0.25,4.0,
12.56,0.016326530612244896,3.0,3.0,50,314,1,1,628.0,8986.000000000002,227.20269840314148,117.52757789276093,1,65,1654.0000000000002,16250.000000000004,9217591.724118115,269.3094315843894,71,137,1026.0000000000002,6336.0,129284.12657285965,200.93487954311982,erdos_renyi,0.25,5.0,
12.76,0.015918367346938776,3.0,3.0,50,319,1,1,637.9999999999999,9308.0,217.1535577465523,118.54686672622384,0,64,1654.9999999999998,16318.999999999996,4418622.092064472,271.4697811593535,63,128,1017.0,6099.000000000002,146005.76893690033,197.88880473510773,erdos_renyi,0.25,6.0,
13.72,0.015153061224489797,3.0,3.0,50,343,1,1,685.9999999999999,10537.999999999998,193.94990945901574,122.93243792224506,0,67,1832.0000000000005,18528.000000000004,662976.4852917872,345.2142814059579,69,150,1145.9999999999998,7077.999999999998,271945.87018846296,202.32335962736062,erdos_renyi,0.25,7.0,
11.44,0.017006802721088437,3.0,3.0,50,286,1,1,572.0,7530.0,243.73747280618863,113.04127200492802,26,81,1271.0,11999.0,256999.55026007263,224.0741894843034,22,71,698.9999999999998,3668.9999999999986,66240.28134204468,145.95101498317487,erdos_renyi,0.25,8.0,
13.16,0.015680272108843537,3.0,3.0,50,329,1,1,658.0000000000001,9722.000000000005,205.45799581969894,120.6526951720324,0,67,1723.0,17381.000000000004,996112.9453972876,308.63770183660154,51,133,1064.9999999999998,6379.0,445694.48228441965,166.34735144557763,erdos_renyi,0.25,9.0,
11.64,0.016989795918367346,3.0,3.0,50,291,1,1,582.0000000000001,7786.0,242.01476678986188,113.7840268812895,20,71,1401.0000000000002,13078.999999999996,303757.0169969532,265.7468779778209,51,96,819.0,4749.000000000001,65571.9826525756,179.16171534552475,erdos_renyi,0.25,10.0,
12.4,0.016003401360544216,3.0,3.0,50,310,1,1,620.0,8636.0,216.04994964540595,117.84360895236097,20,90,1397.0,13804.999999999998,911597.9704148263,215.14946087747293,18,82,776.9999999999999,4192.999999999998,122079.93130089546,141.95701616319968,erdos_renyi,0.25,11.0,
11.88,0.016462585034013606,3.0,3.0,50,297,1,1,594.0,8018.000000000001,228.01866563710266,115.46532403042752,10,75,1398.0,13294.0,4499213.482598734,201.10848552734916,30,92,804.0,4523.999999999999,95871.21482800588,153.21065243298634,erdos_renyi,0.25,12.0,
12.8,0.015884353741496597,3.0,3.0,50,320,1,1,640.0000000000001,9278.0,212.52535681022843,119.09084071903614,0,55,1698.9999999999995,16638.999999999996,139120.1228584222,348.660783108282,58,131,1059.0000000000002,6289.000000000002,261849.08438705775,192.9878759815299,erdos_renyi,0.25,13.0,
12.88,0.015884353741496594,3.0,3.0,50,322,1,1,644.0,9525.999999999996,215.1234818541522,118.95600640234404,0,61,1744.9999999999998,17400.999999999993,15031024.383004365,300.1271426239736,85,151,1101.0000000000002,7091.000000000003,206387.52064275037,219.78552746570216,erdos_renyi,0.25,14.0,
11.88,0.016309523809523812,3.0,3.0,50,297,1,1,594.0,7910.000000000002,225.9080779547674,115.73268812553766,17,73,1398.0000000000002,12910.000000000004,516014.04866879375,249.39877544775,37,90,804.0,4440.000000000001,71393.68786369801,170.37927024675585,erdos_renyi,0.25,15.0,
12.64,0.016088435374149657,3.0,3.0,50,316,1,1,631.9999999999999,9147.999999999996,217.0973357280823,118.21339780489565,0,60,1685.0,16666.999999999996,1380578.408492164,295.2237624857129,69,138,1053.0,6606.999999999999,194789.95099546827,194.29521642507532,erdos_renyi,0.25,16.0,
11.88,0.016462585034013603,3.0,3.0,50,297,1,1,594.0,8036.000000000001,228.86557427293286,115.37095492348678,29,81,1383.0,13303.000000000002,277159.5034773445,258.70240571398233,44,91,788.9999999999998,4498.999999999997,59533.72992474513,172.42632319787307,erdos_renyi,0.25,17.0,
11.4,0.016989795918367346,3.0,3.0,50,285,1,1,570.0,7476.0,242.7628804649826,112.99004302073467,7,72,1311.0,12127.000000000002,7297729.397290054,183.75157086292006,18,78,741.0000000000001,3946.999999999999,172578.6038806635,132.22630050865132,erdos_renyi,0.25,18.0,
11.88,0.016581632653061226,3.0,3.0,50,297,1,1,593.9999999999999,8112.0,234.1597657240976,114.92561866982432,0,68,1473.0,14351.000000000002,605795166.1705582,174.15700704116446,43,107,878.9999999999999,5199.0,143996.83157513436,158.75500845598722,erdos_renyi,0.25,19.0,
14.48,0.014931972789115646,3.0,3.0,50,362,1,1,724.0000000000001,11668.000000000004,184.051083898661,125.6176871693895,0,44,2230.0,23465.999999999996,311282.1169652438,475.97124531780395,157,229,1505.9999999999998,10582.0,206666.6771713775,310.18297826469416,erdos_renyi,0.30000000000000004,0.0,
13.84,0.015323129251700677,3.0,3.0,50,346,1,1,692.0,10889.999999999995,200.01227839487217,122.66324296240909,0,48,2075.0,21683.0,177228.30311549176,441.118512351156,136,206,1383.0,9576.999999999998,236509.44208816704,274.8001904221123,erdos_renyi,0.30000000000000004,1.0,
14.24,0.014948979591836735,3.0,3.0,50,356,1,1,712.0,11302.000000000002,186.96102786843318,124.79293743533187,0,40,2202.9999999999995,22876.999999999993,184766.23430260574,484.30098987997627,162,226,1491.0000000000002,10503.000000000004,153913.0615301285,322.69878938393845,erdos_renyi,0.30000000000000004,2.0,
14.72,0.014676870748299318,3.0,3.0,50,368,1,1,736.0,12160.0,181.1649187119189,126.33580310746275,0,37,2380.0,25726.0,130324.45025497925,524.1062174792208,191,260,1643.9999999999998,12141.999999999998,246666.21368269142,340.9119795013139,erdos_renyi,0.30000000000000004,3.0,
14.64,0.01479591836734694,3.0,3.0,50,366,1,1,732.0000000000002,12046.00000000001,183.52620599251387,125.93175031094542,0,47,2352.0,25822.0,138985.9721686695,498.0290624002093,195,266,1620.0000000000002,12256.000000000004,144156.525374027,346.0726777570261,erdos_renyi,0.30000000000000004,4.0,
15.36,0.014455782312925167,3.0,3.0,50,384,1,1,768.0000000000001,13080.0,173.84088603297036,128.5399890801553,0,32,2616.0,28806.000000000004,629312.1328794728,568.1515508119286,250,306,1847.9999999999998,14237.999999999998,164369.859681654,411.5283051377499,erdos_renyi,0.30000000000000004,5.0,
15.24,0.014421768707482994,3.0,3.0,50,381,1,1,762.0,12860.0,173.80291084433912,128.2638805960685,0,40,2501.9999999999995,27239.999999999996,300032.3057196087,538.1588134545118,219,282,1740.0000000000005,12844.000000000004,186259.91074576683,382.3376739934028,erdos_renyi,0.30000000000000004,6.0,
16.52,0.013826530612244899,3.0,3.0,50,413,1,1,825.9999999999999,14903.999999999998,156.47671934483688,132.7234409368622,0,32,2845.0,32255.0,68200.33488616715,637.6524867192063,269,336,2019.0,15527.000000000004,189599.42908104765,452.77080177141704,erdos_renyi,0.30000000000000004,7.0,
13.84,0.015306122448979591,3.0,3.0,50,346,1,1,692.0000000000001,10764.000000000002,195.20730946746494,123.10769191934563,0,50,1985.0,20520.999999999993,150579.59036820428,416.87856530129517,104,178,1292.9999999999995,8332.999999999998,205067.38157971183,258.1418816121815,erdos_renyi,0.30000000000000004,8.0,
15.24,0.014438775510204081,3.0,3.0,50,381,1,1,761.9999999999999,12805.999999999998,172.06588858013703,128.46246609909065,0,35,2460.0,27037.999999999993,100824.00181502133,541.9933787704239,194,263,1698.0,12328.000000000004,197608.46899586747,365.57267197364536,erdos_renyi,0.30000000000000004,9.0,
13.88,0.015306122448979588,3.0,3.0,50,347,1,1,694.0000000000001,10782.000000000002,193.29306886047877,123.37916284948518,0,52,2038.0,20945.999999999996,406346.16148380225,420.5256710125465,126,197,1344.0,9075.999999999998,248129.72204115798,268.0105408691865,erdos_renyi,0.30000000000000004,10.0,
14.6,0.014812925170068023,3.0,3.0,50,365,1,1,729.9999999999999,11917.999999999998,183.4094805706349,125.89977008560867,0,44,2254.0,24242.0,279420.52649647073,478.6504516928502,164,231,1524.0,10836.000000000002,181245.93393354528,324.48350976359734,erdos_renyi,0.30000000000000004,11.0,
14.08,0.015034013605442176,3.0,3.0,50,352,1,1,703.9999999999999,11071.999999999998,187.98778264601626,124.30732325398917,0,54,2036.0,20926.0,390522.66987884976,424.1448599729026,113,189,1332.0,8862.0,225009.3999131317,264.05483508022917,erdos_renyi,0.30000000000000004,12.0,
15.4,0.014387755102040817,3.0,3.0,50,385,1,1,770.0000000000001,13148.000000000004,171.7405013870891,128.79118836340606,0,25,2648.0,29347.999999999993,49507.31172229502,603.7771710740353,254,309,1878.0,14344.0,155188.54770904043,428.9009914043232,erdos_renyi,0.30000000000000004,13.0,
15.36,0.014404761904761903,3.0,3.0,50,384,1,1,768.0000000000001,13142.000000000004,172.88069077747045,128.54499168209,0,33,2619.0,29185.0,69402.98316953202,582.7250557160055,249,309,1851.0000000000005,14283.0,139657.67797076743,413.3144066719237,erdos_renyi,0.30000000000000004,14.0,
14.48,0.01477891156462585,3.0,3.0,50,362,1,1,724.0000000000001,11626.000000000004,182.12270255656884,125.80843035435696,0,50,2193.9999999999995,23003.999999999993,156775.0973599802,466.90554256427583,149,223,1469.9999999999998,10322.0,188107.50270941193,303.885309979391,erdos_renyi,0.30000000000000004,15.0,
15.08,0.014489795918367345,3.0,3.0,50,377,1,1,753.9999999999999,12640.0,174.81999146198095,127.77773515899803,0,33,2509.0,27406.999999999993,72717.99977060288,562.0512002594536,220,286,1755.0,13215.000000000004,158079.8485513205,385.7387962072033,erdos_renyi,0.30000000000000004,16.0,
14.84,0.014710884353741498,3.0,3.0,50,371,1,1,742.0,12360.0,179.87508782789536,126.70313397337453,0,41,2398.0,26270.0,257064.03607114722,512.9507641219157,205,265,1656.0,12358.0,135451.05925504403,367.86709595660784,erdos_renyi,0.30000000000000004,17.0,
14.04,0.015051020408163265,3.0,3.0,50,351,1,1,702.0,10978.0,189.06627855057488,124.16479255682115,0,47,2064.0,21285.999999999996,118718.92127696937,447.4845653851263,118,192,1362.0000000000002,8980.000000000002,231983.10417114795,275.82395176108633,erdos_renyi,0.30000000000000004,18.0,
14.64,0.014693877551020407,3.0,3.0,50,366,1,1,732.0,11812.0,179.6047853834439,126.45266810129421,0,39,2325.0,24656.999999999993,100322.6184670008,514.701083889577,180,246,1592.9999999999998,11308.999999999996,128347.5592316392,353.8363289559313,erdos_renyi,0.30000000000000004,19.0,
16.88,0.01370748299319728,3.0,3.0,50,422,1,1,844.0,15608.0,154.85083798804553,133.5891807891326,0,17,3244.0000000000005,38256.0,53420.3922831819,727.6566107034405,384,439,2400.0,20360.0,141561.79940460378,546.8863007107013,erdos_renyi,0.35000000000000003,0.0,
16.6,0.013826530612244895,3.0,3.0,50,415,1,1,829.9999999999999,15254.000000000002,160.0723670796445,132.43333938515792,0,17,3155.0,37323.0,56165.82362550228,705.4211385025192,369,421,2325.0,19732.999999999996,144269.97799464042,531.6763749757878,erdos_renyi,0.35000000000000003,1.0,
16.52,0.013860544217687072,3.0,3.0,50,413,1,1,826.0,14974.000000000004,157.52765571805503,132.57819493069226,0,23,3123.999999999999,36815.999999999985,50743.20463928106,695.426886544233,364,416,2298.0,19714.0,145863.52841641384,520.9355394048882,erdos_renyi,0.35000000000000003,2.0,
17.08,0.013571428571428575,2.0,3.0,50,427,1,1,853.9999999999998,15965.999999999996,151.6360893315406,134.31014352498016,0,15,3326.0000000000005,39508.0,45664.03415471972,748.4565095216851,404,454,2472.0,21301.999999999996,124305.45315993835,569.0306724108303,erdos_renyi,0.35000000000000003,3.0,
17.4,0.01343537414965986,2.0,3.0,50,435,1,1,870.0000000000002,16552.00000000001,149.06028768160888,135.20552186963764,0,15,3489.0,42453.0,50848.080987496876,772.1340238389793,444,495,2619.0,23436.999999999993,143418.81424307512,593.8251028452054,erdos_renyi,0.35000000000000003,4.0,
17.36,0.013503401360544218,3.0,3.0,50,434,1,1,868.0,16427.999999999996,149.92213840708163,135.07666157831403,0,10,3516.9999999999995,42181.0,43490.65443539454,787.5363387409294,457,503,2649.0,23529.000000000004,103760.71326045509,616.5630467533973,erdos_renyi,0.35000000000000003,5.0,
17.12,0.01357142857142857,3.0,3.0,50,428,1,1,856.0,16084.0,152.72744306961934,134.25144414269428,0,21,3340.0,39962.0,51184.234768491,741.084243093162,409,461,2484.0,21590.000000000004,133472.14090501273,567.2751142211532,erdos_renyi,0.35000000000000003,6.0,
18.88,0.012806122448979591,2.0,3.0,50,472,1,1,943.9999999999999,19403.999999999996,136.58802866193557,139.33652838508104,0,3,4175.0,53528.99999999998,43158.17917071737,910.8007758043315,611,651,3231.0,31213.000000000007,112086.70679862019,737.2361793679956,erdos_renyi,0.35000000000000003,7.0,
16.44,0.013928571428571427,3.0,3.0,50,411,1,1,821.9999999999999,14945.999999999998,161.64660901687438,131.97939848483446,0,21,3050.9999999999995,35445.0,79804.37942766535,681.1251675127936,339,397,2229.0000000000005,18371.000000000004,155438.51607350804,504.5196036855324,erdos_renyi,0.35000000000000003,8.0,
17.48,0.013435374149659863,3.0,3.0,50,437,1,1,873.9999999999999,16612.0,147.69879643977225,135.55666395980307,0,12,3502.0,42812.0,46827.030769083794,780.1748176901383,445,492,2628.0000000000005,23000.000000000004,92864.26262428568,620.6926582299741,erdos_renyi,0.35000000000000003,9.0,
16.2,0.014064625850340136,3.0,3.0,50,405,1,1,810.0000000000001,14408.000000000004,161.75572403506268,131.5080941692878,0,25,2898.0000000000005,32474.00000000002,60041.387189257264,656.7440709371474,303,361,2088.0000000000005,16514.0,227332.2742733399,465.3494587538059,erdos_renyi,0.35000000000000003,10.0,
16.84,0.013707482993197278,3.0,3.0,50,421,1,1,842.0,15584.0,155.52243052204452,133.40618205972373,0,20,3200.0000000000005,37786.0,139192.16573128005,707.18246283013,377,428,2358.0000000000005,20170.000000000004,118795.00186553222,542.533779110803,erdos_renyi,0.35000000000000003,11.0,
16.64,0.013775510204081631,3.0,3.0,50,416,1,1,831.9999999999999,15207.999999999995,155.893132378292,132.97468149441593,0,21,3094.0000000000005,36052.0,51326.39974405833,695.706491841466,347,400,2262.0,18812.0,129460.46627556137,522.4587310702892,erdos_renyi,0.35000000000000003,12.0,
17.48,0.013401360544217686,2.0,3.0,50,437,1,1,874.0,16630.0,147.7966142686825,135.5350085662849,0,11,3490.0,42218.000000000015,45573.99901855332,781.33754222737,440,488,2616.0000000000005,22868.0,131687.87255371286,603.0670031320386,erdos_renyi,0.35000000000000003,13.0,
17.64,0.013333333333333332,2.0,3.0,50,441,1,1,881.9999999999999,17020.0,147.08640962578525,135.86646603369533,0,13,3648.0000000000005,45349.99999999998,45604.48615174034,804.1631425713013,489,537,2766.0,25417.999999999996,114489.86780612961,634.0178526585114,erdos_renyi,0.35000000000000003,14.0,
16.88,0.013673469387755101,3.0,3.0,50,422,1,1,843.9999999999999,15626.0,154.21192937531796,133.63277104097264,0,23,3190.0000000000005,37704.000000000015,54450.08447421878,709.4352328533508,369,426,2346.0,20030.0,145003.71505781857,529.2222280237305,erdos_renyi,0.35000000000000003,15.0,
17.72,0.013299319727891157,2.0,3.0,50,443,1,1,886.0000000000002,17026.000000000004,145.18661092073552,136.3043811984058,0,7,3646.0,43961.99999999997,42911.93568276584,816.154203500861,484,528,2760.0,24760.000000000007,114195.78882967126,642.9286697124568,erdos_renyi,0.35000000000000003,16.0,
17.8,0.013282312925170068,3.0,3.0,50,445,1,1,890.0000000000001,17386.000000000004,146.0953179437343,136.24067219184062,0,10,3755.0,46491.0,53581.831135109074,825.0335558153583,520,565,2865.0,26865.000000000004,147427.36880987184,644.7114224301839,erdos_renyi,0.35000000000000003,17.0,
16.68,0.013741496598639453,2.0,3.0,50,417,1,1,834.0,15144.000000000004,154.37466812136972,133.28972499230355,0,17,3078.0,35060.0,47215.49958628033,704.4473249913992,341,390,2243.9999999999995,17964.0,115232.39694435625,530.7447466776077,erdos_renyi,0.35000000000000003,18.0,
17.28,0.013486394557823128,2.0,3.0,50,432,1,1,863.9999999999999,16204.0,149.04034449996928,135.04408523432198,0,13,3423.0,41031.00000000001,46542.05970887121,766.6180241427974,426,475,2559.0000000000005,22187.000000000004,120174.90751035865,593.5389635648423,erdos_renyi,0.35000000000000003,19.0,
0.6470588235294118,0.002116755793226382,4.0,inf,34,11,23,28,22.0,68.00000000000001,129.00000000000003,1.6739764335716703,0,4,22.0,67.99999999999999,129.00000000000003,1.6739764335716703,0,0,0.0,0.0,0.0,-inf,karate_club,,,0.1
0.8235294117647058,0.0030637254901960784,4.0,inf,34,14,20,25,27.999999999999993,83.99999999999997,208.33333333333317,2.667228206581958,0,4,28.000000000000007,84.0,208.33333333333306,2.6672282065819606,0,0,0.0,0.0,0.0,-inf,karate_club,,,0.1473684210526316
1.1764705882352942,0.005347593582887701,4.0,3.0,34,20,16,22,40.00000000000001,156.00000000000006,318.8481481481483,4.73342452151177,1,7,43.0,165.00000000000003,342.29629629629613,5.780743515792333,0,0,3.0,9.0,0.6666666666666666,0.4054651081081645,karate_club,,,0.19473684210526315
1.411764705882353,0.007798573975044563,5.0,3.0,34,24,14,22,48.0,204.00000000000003,402.56363636363636,6.251077778203584,1,9,56.999999999999986,246.9999999999998,532.1398601398599,8.171670119274602,0,0,9.0,27.0,4.0,1.9095425048844386,karate_club,,,0.24210526315789474
1.588235294117647,0.009135472370766489,4.0,3.0,34,27,12,21,54.0,243.99999999999994,472.20987654320953,7.327380526987401,1,11,65.99999999999997,295.9999999999997,633.36,10.385913701780417,0,0,12.0,36.0,6.666666666666667,2.7850112422383386,karate_club,,,0.2894736842105263
1.9411764705882353,0.0535873440285205,8.0,3.0,34,33,8,17,66.0,307.99999999999994,966.1447196870963,8.316463234938919,2,12,81.0,372.9999999999999,1356.6593406593738,12.255212748463839,0,0,15.0,49.0,11.142857142857144,3.4499875458315876,karate_club,,,0.33684210526315794
2.1176470588235294,0.046290106951871655,7.0,3.0,34,36,7,17,71.99999999999999,359.99999999999983,790.9001972867978,10.64882726590468,2,13,93.00000000000001,445.0000000000001,1193.0338297786623,16.658096127538556,0,0,21.0,69.0,20.857142857142858,5.241747015059643,karate_club,,,0.38421052631578945
2.176470588235294,0.04595588235294117,7.0,3.0,34,37,7,17,73.99999999999997,381.99999999999966,780.2880843390208,11.18567061739862,2,12,101.00000000000001,497.0,1207.9986541933317,19.270708588824338,1,1,27.0,99.0,23.55,7.154615356913661,karate_club,,,0.43157894736842106
2.3529411764705883,0.04261363636363636,7.0,3.0,34,40,7,15,80.0,425.99999999999994,659.0461403277532,14.26067977885281,3,13,112.99999999999999,564.9999999999998,1204.8705775314195,23.457723677214275,1,1,33.0,122.99999999999999,38.31666666666668,8.85106464633739,karate_club,,,0.4789473684210527
2.588235294117647,0.039828431372549024,7.0,3.0,34,44,7,13,88.0,494.0000000000001,555.2997467903152,17.87258680386542,4,12,130.0,668.0000000000002,1139.7654954180093,30.24049569215753,1,1,41.999999999999986,157.99999999999997,67.9058229352347,11.43306559772322,karate_club,,,0.5263157894736842
2.7058823529411766,0.03698752228163993,7.0,3.0,34,46,7,12,92.0,522.0000000000001,497.8590859836679,19.923443082132295,5,11,137.0,710.9999999999999,1084.624990393642,33.184895508678515,1,1,45.0,173.0,79.89157527417748,12.232784681127287,karate_club,,,0.5736842105263158
3.0588235294117645,0.05492424242424242,7.0,3.0,34,52,3,9,104.00000000000001,643.9999999999999,699.3706042095407,21.25589242881844,5,13,155.0,852.9999999999995,1475.3048203604133,36.58216028235696,1,1,51.0,193.0,103.8200025391989,14.16850967195737,karate_club,,,0.6210526315789474
3.1176470588235294,0.05225044563279856,7.0,3.0,34,53,3,10,106.0,669.9999999999999,675.7681649392642,21.9391513637907,6,13,157.00000000000003,879.0000000000002,1412.5911486900673,37.33636380769222,1,1,51.0,193.0,103.8200025391989,14.16850967195737,karate_club,,,0.6684210526315789
3.2941176470588234,0.05531417112299465,7.0,3.0,34,56,2,9,111.99999999999997,735.9999999999999,699.5680639050173,23.424209099481466,7,14,166.0,958.0,1459.9578831596673,39.82356200514708,1,1,54.0,205.99999999999997,119.88160696663842,14.940630613001947,karate_club,,,0.7157894736842105
3.411764705882353,0.051581996434937605,6.0,3.0,34,58,2,9,115.99999999999999,791.9999999999998,667.5260642171055,24.53258053627529,8,15,176.0,1048.0,1437.7259518263731,42.877193377211036,2,2,60.0,240.0,127.47481293493259,16.814659304511856,karate_club,,,0.7631578947368421
3.764705882352941,0.05057932263814617,5.0,3.0,34,64,1,6,128.00000000000003,960.0000000000002,643.1438430517452,27.88543345262555,9,16,203.0,1293.0,1603.4449988202703,50.527536757642686,3,4,74.99999999999999,317.0,195.8494652547284,20.972814254574157,karate_club,,,0.8105263157894737
3.9411764705882355,0.04985516934046346,5.0,3.0,34,67,1,5,134.0,1028.0,605.2542862492195,29.887424562493823,8,16,221.00000000000003,1418.9999999999995,1785.401704696597,55.918447195450945,3,4,87.0,374.9999999999999,281.375116802702,24.370604288115473,karate_club,,,0.8578947368421053
4.0588235294117645,0.04851827094474153,5.0,3.0,34,69,1,5,138.00000000000003,1088.0000000000005,569.1935462532787,31.19780531343542,9,16,228.0,1500.0000000000005,1756.864876814624,58.261361261921955,3,4,90.00000000000001,396.0000000000002,305.6820051192945,25.137013290081953,karate_club,,,0.9052631578947369
4.352941176470588,0.045008912655971484,5.0,3.0,34,74,1,4,148.0,1260.0000000000005,505.44045664006177,34.00994291917142,8,14,262.0,1868.0,2393.4561996945185,65.23375631084862,5,7,114.00000000000003,560.0000000000001,503.8221437883456,30.620057387331624,karate_club,,,0.9526315789473684
4.588235294117647,0.044006238859180036,5.0,3.0,34,78,1,3,155.99999999999997,1367.9999999999998,470.2681849848135,36.16624994757942,8,13,290.99999999999994,2122.999999999999,2521.218458469853,73.3747765010587,8,10,135.0,707.0000000000005,604.8026856227234,36.48820847238743,karate_club,,,1.0
1.2,0.012112010796221321,9.0,inf,40,24,16,23,47.99999999999999,133.99999999999997,867.7083333333369,5.50435544995929,0,7,48.0,134.00000000000003,867.7083333333321,5.504355449959313,0,0,0.0,0.0,0.0,-inf,weighted_filtration,,0.0,0.1
2.2,0.05222672064777327,8.0,3.0,40,44,6,15,87.99999999999999,359.9999999999999,1298.3013808285175,14.96543521512375,8,17,93.99999999999997,378.0,1397.1566978282503,17.107089941305105,0,0,6.0,18.0,2.0,1.0986122886681098,weighted_filtration,,0.0,0.2
3.35,0.05064102564102564,7.0,3.0,40,67,2,9,133.99999999999994,693.9999999999995,972.7071947846453,32.20906212283493,24,32,149.00000000000003,763.0000000000002,1214.6259348517028,36.443040802462455,0,0,14.999999999999998,52.999999999999986,11.923076923076925,3.2580965380214812,weighted_filtration,,0.0,0.30000000000000004
4.7,0.04075573549257759,6.0,3.0,40,94,1,4,188.0,1244.0000000000002,598.1455356004342,48.002271292648715,33,39,254.00000000000006,1548.000000000001,1751.7960789429,66.2502677058552,0,0,66.0,240.0,219.52025076937477,18.32600391623391,weighted_filtration,,0.0,0.4
5.25,0.03788798920377867,6.0,3.0,40,105,1,4,210.0,1536.0000000000002,550.0438740086229,52.293357478339196,37,44,297.0,1921.0000000000002,2038.2351672437871,77.26990389741651,0,3,87.0,321.00000000000006,394.84699765744347,24.42099982669967,weighted_filtration,,0.0,0.5
6.65,0.028981106612685558,4.0,3.0,40,133,1,2,266.0,2338.0,354.88059443653833,64.1048789828601,46,56,413.0,3034.999999999999,3779.141685602853,102.2098500926579,1,7,147.0,617.0000000000002,1375.3509810284554,38.28905394633278,weighted_filtration,,0.0,0.6
8.05,0.023987854251012148,3.0,3.0,40,161,1,1,322.0,3206.0,243.5069772329337,74.11396668621276,38,58,576.9999999999999,4471.0,11394.711878223261,133.31784362072665,1,18,255.00000000000006,1121.0,5215.533297787339,62.71882116472974,weighted_filtration,,0.0,0.7000000000000001
9.1,0.022368421052631576,3.0,3.0,40,182,1,1,363.99999999999994,4061.999999999999,215.42555173802654,79.00473317933496,16,51,771.9999999999999,6516.0,167852.4165446833,141.7147171639209,9,39,408.0,2086.0,24370.797568894814,82.4844437448625,weighted_filtration,,0.0,0.8
10.45,0.020107962213225368,3.0,3.0,40,209,1,1,418.0,5134.000000000002,171.06894528611465,85.75930864813472,3,42,1021.0000000000001,9015.0,3581576.4084439855,166.94702019390115,34,70,603.0,3417.0,46252.30900476204,127.82070938601974,weighted_filtration,,0.0,0.9
11.5,0.0189608636977058,3.0,3.0,40,230,1,1,460.0,6088.0,151.7135592740374,89.97264344188609,0,36,1240.0000000000002,11510.0,1692220.859291002,240.83824893075007,60,102,780.0,4797.999999999999,64545.01650097589,164.38685178884822,weighted_filtration,,0.0,1.0
1.65,0.05721997300944669,10.0,9.0,40,33,9,20,66.0,222.0,1690.6284348865001,5.0558476369178,2,13,65.99999999999999,221.99999999999994,1690.6284348865,5.055847636917795,0,0,0.0,0.0,0.0,-inf,weighted_filtration,,1.0,0.1
2.6,0.04686234817813765,7.0,3.0,40,52,5,13,104.00000000000001,492.0,1030.3730767824231,21.312242611165207,15,23,110.0,510.00000000000017,1112.9493588258927,23.455399967231134,0,0,6.0,18.0,2.0,1.0986122886681098,weighted_filtration,,1.0,0.2
3.2,0.04773954116059379,7.0,3.0,40,64,3,9,128.00000000000003,670.0000000000002,908.4359803470013,30.03526498779362,23,29,139.99999999999997,723.9999999999998,1142.975480651768,32.88542257848483,0,0,12.0,38.0,7.083333333333334,2.667228206581955,weighted_filtration,,1.0,0.30000000000000004
4.25,0.04197031039136302,7.0,3.0,40,85,2,5,169.99999999999997,1061.9999999999995,661.7072844383465,43.111504738610435,34,39,209.00000000000003,1241.0000000000002,1310.3897470407999,53.68835905540307,0,0,39.0,131.0,69.10784313725489,10.826929794152903,weighted_filtration,,1.0,0.4
5.35,0.03508771929824561,5.0,3.0,40,107,1,3,213.99999999999997,1570.0,463.3075784462357,54.53520363488841,48,53,274.00000000000006,1862.0000000000011,1352.5876906148483,71.041413419665,0,0,59.99999999999999,211.99999999999997,167.61631016042782,17.15009329912944,weighted_filtration,,1.0,0.5
6.3,0.029824561403508764,4.0,3.0,40,126,1,1,252.00000000000006,2032.000000000001,325.77420850814184,63.63194422057297,53,59,354.00000000000006,2526.0,2194.1380749995124,90.83083228483464,0,3,102.0,382.0,533.1681233949579,29.1954360531065,weighted_filtration,,1.0,0.6
7.45,0.026012145748987848,3.0,3.0,40,149,1,1,298.0,2798.0,262.7498016315155,70.86270233467665,49,61,496.0000000000001,3884.0000000000005,10166.818580478368,115.41809574269475,5,13,197.99999999999994,909.9999999999997,2549.260466823802,50.18074773523331,weighted_filtration,,1.0,0.7000000000000001
8.5,0.023684210526315787,3.0,3.0,40,170,1,1,340.0,3542.0,224.04678970419374,76.6095191313906,39,59,646.0000000000001,5312.0,28925.554285960232,137.49714038532866,10,27,305.9999999999999,1530.0,7884.430100297491,71.01151960501248,weighted_filtration,,1.0,0.8
9.75,0.02149122807017544,3.0,3.0,40,195,1,1,390.0,4500.0,185.43622018735803,82.89343554416386,23,54,852.0000000000001,7246.000000000001,206344.26767436633,166.9214452228614,21,50,462.0,2490.0000000000005,20781.45344567759,102.82189487818384,weighted_filtration,,1.0,0.9
11.4,0.01926450742240216,3.0,3.0,40,228,1,1,456.0,5960.0,152.4736480863131,89.72613605472475,2,44,1182.0,10963.999999999995,56383393.235158205,167.19997109921943,55,92,726.0,4459.999999999999,55106.83259763669,155.45705991307335,weighted_filtration,,1.0,1.0
0.75,0.0005398110661268556,3.0,inf,40,15,25,29,30.0,75.99999999999999,183.99999999999991,4.852030263919618,0,4,30.0,76.0,184.00000000000006,4.852030263919614,0,0,0.0,0.0,0.0,-inf,weighted_filtration,,2.0,0.1
2.65,0.05522941970310391,9.0,3.0,40,53,3,13,106.0,503.99999999999994,1322.5375987476025,20.119548142970064,14,23,112.0,521.9999999999999,1418.8115074536174,22.265479425918727,0,0,6.0,18.0,2.0,1.0986122886681098,weighted_filtration,,2.0,0.2
3.85,0.042071524966261806,6.0,3.0,40,77,2,7,154.0,916.0000000000002,711.4649198423529,38.82117623466948,31,37,177.99999999999997,1020.0000000000002,1097.5415392363357,45.442827076336,0,0,24.0,72.0,24.0,6.591673732008658,weighted_filtration,,2.0,0.30000000000000004
5.2,0.03717948717948717,5.0,3.0,40,104,1,3,208.00000000000006,1500.000000000001,510.3521430119667,52.94491008677364,42,48,277.0,1805.0000000000002,1636.1228819369092,72.44435390706573,0,1,69.0,241.0,232.9262553802009,19.717710354779285,weighted_filtration,,2.0,0.4
6.2,0.03164642375168691,5.0,3.0,40,124,1,3,248.0,2037.9999999999995,397.07685689239554,61.253833165082945,48,56,362.0,2521.9999999999995,2691.76372654805,93.47500912882604,1,4,114.0,435.99999999999994,663.6606005952534,32.21933986010232,weighted_filtration,,2.0,0.5
7.5,0.02634952766531714,4.0,3.0,40,150,1,1,300.0,2816.0000000000005,268.4322014378414,70.94999707355716,47,59,495.0000000000002,3739.0000000000023,5183.282765931615,122.17199037143116,1,11,195.0,811.0000000000001,2427.0293285560842,51.7309524853344,weighted_filtration,,2.0,0.6
8.6,0.023582995951417003,3.0,3.0,40,172,1,1,344.0,3598.0000000000014,221.46300315099916,77.1693479207748,32,53,668.0,5315.999999999999,16462.064058903077,150.5858741600812,7,27,324.00000000000006,1542.0,9546.920217594878,76.68129984905137,weighted_filtration,,2.0,0.7000000000000001
9.5,0.021896086369770577,3.0,3.0,40,190,1,1,380.0,4300.0,193.94256882492607,81.60052941556205,23,53,800.0000000000001,6746.000000000002,58907.01725092107,159.5137701016133,12,39,419.99999999999994,2157.999999999999,19376.650622494293,91.25683582555193,weighted_filtration,,2.0,0.8
10.5,0.020445344129554656,3.0,3.0,40,210,1,1,420.0,5171.999999999999,173.2238386811975,85.81558071014729,9,49,989.9999999999999,8770.0,574248.8388703446,179.0783358352803,28,64,570.0,3181.9999999999995,37941.402715995915,120.42499201902099,weighted_filtration,,2.0,0.9
11.3,0.019601889338731443,3.0,3.0,40,226,1,1,452.00000000000006,5880.000000000002,157.46233037564156,89.1085174607345,0,41,1157.0,10528.999999999996,1367532.0324012556,213.3732501933579,39,86,705.0,4137.0,75261.2252067283,133.16364767203208,weighted_filtration,,2.0,1.0
1.2,0.003205128205128205,5.0,3.0,40,24,17,22,48.0,142.0,558.9714285714284,6.8511849274937475,0,7,51.0,150.99999999999997,590.5952380952378,7.908975221641597,0,0,3.0,9.0,0.6666666666666666,0.4054651081081645,weighted_filtration,,3.0,0.1
2.55,0.0791497975708502,11.0,3.0,40,51,2,11,102.0,414.0,1588.2957135610443,18.916451566756056,11,20,107.99999999999999,448.0,1843.524346070683,19.73351391712316,0,0,6.0,18.0,2.0,1.0986122886681098,weighted_filtration,,3.0,0.2
3.95,0.04662618083670715,5.0,3.0,40,79,1,5,158.0,892.0000000000001,667.5421631135184,41.42705060826527,27,33,196.99999999999997,1069.0000000000002,1270.0198607667503,52.53328318085423,0,0,39.0,129.0,67.48717948717947,10.96413091566639,weighted_filtration,,3.0,0.30000000000000004
4.85,0.03869770580296896,5.0,3.0,40,97,1,2,194.00000000000003,1248.0000000000005,476.32349102965344,51.68494257925861,34,38,266.0,1569.9999999999995,1749.5893294444686,71.8075399539629,0,1,71.99999999999999,257.9999999999999,256.158424908425,20.514457343563578,weighted_filtration,,3.0,0.4
6.05,0.03174763832658569,4.0,3.0,40,121,1,1,242.0,1829.9999999999995,336.51001028485763,62.40277632993256,45,51,353.00000000000006,2343.0000000000005,2413.8008064160986,92.74233199626958,0,2,111.0,417.0,642.6691640699651,31.66446239973023,weighted_filtration,,3.0,0.5
7.45,0.02648448043184885,3.0,3.0,40,149,1,1,298.0,2718.0,253.25058425425024,71.59333491466558,45,53,511.0000000000001,3789.0000000000005,4987.287072386485,129.48645897443097,6,12,213.0,927.0000000000001,2121.1792316067003,59.79980865500783,weighted_filtration,,3.0,0.6
8.5,0.023886639676113357,3.0,3.0,40,170,1,1,340.00000000000006,3520.0000000000005,219.68975242427962,76.90975903612086,33,52,670.0,5354.000000000001,26110.589663744704,150.70721769918563,12,29,330.00000000000006,1610.0000000000007,8449.807559408095,80.88157478553886,weighted_filtration,,3.0,0.7000000000000001
9.55,0.02162618083670715,3.0,3.0,40,191,1,1,382.0000000000001,4370.000000000002,190.29004118859325,81.91223336141593,17,49,853.0000000000002,7181.000000000002,131259.7718187576,168.28554022303888,22,51,471.00000000000006,2555.000000000001,22367.38370671248,102.75696174185524,weighted_filtration,,3.0,0.8
10.55,0.019939271255060724,3.0,3.0,40,211,1,1,421.9999999999999,5213.999999999999,167.10964916812807,86.35599582492654,4,45,1034.0,9088.0,3335719.211795575,181.3597981375531,36,74,612.0,3522.000000000001,44837.73049905133,128.9540849635109,weighted_filtration,,3.0,0.9
11.5,0.01875843454790823,3.0,3.0,40,230,1,1,460.0,6184.0,151.42502684485666,89.90073955586492,0,38,1261.0,11900.999999999998,66687.12873051468,265.80137006001667,66,111,800.9999999999999,5156.999999999998,58009.33272705102,166.62003612178142,weighted_filtration,,3.0,1.0
1.2,0.008299595141700405,9.0,3.0,40,24,18,23,48.00000000000001,146.00000000000006,623.1904761904744,7.3637481711582815,0,4,53.99999999999999,163.99999999999994,694.0476190476179,9.477591139555441,0,0,6.0,18.0,2.0,1.0986122886681098,weighted_filtration,,4.0,0.1
2.15,0.08363697705802968,12.0,3.0,40,43,4,15,86.0,320.00000000000006,2251.345322334865,10.79856016929724,3,14,97.99999999999996,371.9999999999998,2810.696176612308,13.442832849387393,0,0,12.0,36.0,6.666666666666667,2.7850112422383386,weighted_filtration,,4.0,0.2
3.55,0.04328609986504723,6.0,3.0,40,71,3,8,142.0,777.9999999999998,743.1489780495156,35.56344391510899,25,30,169.0,877.0000000000002,1097.5407423939719,44.33010952510015,0,0,27.0,83.0,30.833333333333336,7.467142469362558,weighted_filtration,,4.0,0.30000000000000004
4.45,0.038056680161943315,5.0,3.0,40,89,2,4,178.0,1092.0,501.9665118619615,47.46330495358745,39,42,214.00000000000003,1222.0000000000002,906.2853048862443,59.2576544710767,0,0,36.0,114.0,55.25,10.26504899958663,weighted_filtration,,4.0,0.4
5.5,0.03410931174089069,5.0,3.0,40,110,1,1,219.99999999999994,1585.999999999999,392.02399189158234,57.57428606754561,50,52,283.0,1854.999999999999,1273.186061091311,76.020429499829,0,2,63.0,220.99999999999994,194.01380783793647,17.831776478494604,weighted_filtration,,4.0,0.5
6.35,0.03022941970310391,4.0,3.0,40,127,1,1,254.00000000000006,2064.000000000001,329.84838058690815,63.727672632213306,50,56,368.0,2603.9999999999995,2718.6233473614975,93.76637462486879,0,4,113.99999999999999,428.00000000000006,748.8031680461874,31.74445029776437,weighted_filtration,,4.0,0.6
7.85,0.025134952766531715,3.0,3.0,40,157,1,1,314.0,3010.0,242.82894166090094,73.50556931234608,45,58,542.0,4080.0,13723.912859430373,130.13023055591515,3,14,228.0,990.0000000000005,3680.23418073455,58.71612710163291,weighted_filtration,,4.0,0.7000000000000001
9.0,0.02273954116059379,3.0,3.0,40,180,1,1,360.0,3868.0,205.85803642291773,79.382051048593,32,58,729.0,6032.999999999998,32882.42657649504,156.38203125597406,14,36,369.0,1877.0000000000002,10350.814635282075,87.40898474666514,weighted_filtration,,4.0,0.8
10.5,0.02031039136302294,3.0,3.0,40,210,1,1,420.0,5094.0,168.17417711969384,86.26243339341904,9,48,995.9999999999999,8767.999999999998,746062.4401144714,170.41379720895335,30,67,576.0,3289.9999999999995,41984.33241004536,117.89610566291022,weighted_filtration,,4.0,0.9
12.05,0.018657219973009447,3.0,3.0,40,241,1,1,481.99999999999994,6597.999999999998,143.5844055621447,92.02466261334581,0,36,1346.0000000000002,12740.000000000002,257821.10085104263,279.5946354693635,70,117,863.9999999999999,5501.999999999998,72551.34435681638,177.45395758991364,weighted_filtration,,4.0,1.0
